"","State","County","Tract","Median_Income_past_12months_Total","Race_Wht","Race_Blk","Race_Lat","Race_Asn","Race_Am_Indn","Race_Isl","Race_Other","Race_Two","Lat_Orgn","NonLat_Orgn","Income_Wht","Income_Blk","Income_NonLat","Income_Lat","Income_Natv","Income_Asn","Income_Isl","Income_Other","Income_TwoRaces","Income_Under10k","Income_10k","Income_20k","Income_30k","Income_40k","Income_50k","Income_60k","Income_70k","Income_80k","Income_90k","Income_100_199k","Income_200_249k","Income_250_499k","Income_500k_up","Income_Imputed","Vacancy_Status","Occupation_16_up","Educational_Attainment_25yrs_up","Employment_Status","Poverty_Status_Past12","Food_Stamps","Total_Housing_Units","Gini_Income_Ineq"
"46","25","017","373500",45221,5092,116,6197,598,0,0,151,240,6197,5800,1676,28,1626,80,0,131,0,39,0,0,0,0,0,0,0,13,0,0,0,7,0,38,38,932,92,325,141,393,103,41,1966,0.525
"47","25","017","373600",6167,4985,313,6222,659,0,0,83,182,6222,5708,885,25,853,41,0,53,0,0,8,0,0,0,0,19,0,0,0,0,0,0,0,30,30,843,74,379,71,573,23,0,1045,0.5131
"143","25","021","400100",46967,3809,89,4782,612,0,2,183,87,4782,4265,1946,38,1797,214,0,264,0,65,32,0,0,0,0,0,0,0,0,0,0,0,0,48,48,972,236,455,213,281,38,47,2581,0.5509
"144","25","021","400200",45321,3920,178,5604,1298,0,0,32,176,5604,5283,1871,64,1782,100,0,629,0,11,57,0,0,0,0,0,0,0,0,0,0,0,0,97,97,748,388,283,149,226,0,29,3020,0.5585
"145","25","021","400300",NA,3554,3,4403,589,0,18,116,123,4403,4092,1358,0,1293,87,0,257,0,22,50,0,0,0,0,0,0,0,0,0,0,0,11,52,52,679,54,282,173,291,68,54,1741,0.4482
"146","25","021","400400",50564,5181,114,6129,739,0,0,46,49,6129,5706,2527,47,2361,176,0,368,0,0,10,0,0,0,0,0,0,0,0,0,0,0,0,117,117,644,0,272,163,434,92,18,2952,0.5668
"148","25","021","400600",NA,3796,26,4965,919,14,0,52,158,4965,4636,1807,0,1677,130,14,323,0,0,54,0,0,0,0,0,0,0,0,0,0,0,0,258,258,703,123,286,239,277,43,27,2321,0.5568
"151","25","021","400900",NA,2897,367,4268,909,0,0,40,55,4268,3899,1461,158,1320,151,0,381,0,0,0,0,0,0,0,0,0,0,0,0,0,0,47,106,106,419,153,256,132,118,62,4,2153,0.5452
"153","25","021","401100",NA,3712,67,4596,575,7,0,53,182,4596,4362,1346,9,1302,99,0,201,0,41,7,0,0,0,0,0,0,0,0,0,0,9,0,37,37,828,127,197,164,267,184,48,1731,0.5033
"154","25","021","401200",56714,4996,387,7164,1564,0,0,48,169,7164,6946,1896,118,1844,52,0,509,0,12,25,37,11,0,0,0,0,14,0,0,0,10,0,53,53,910,169,274,251,369,60,31,2729,0.4819
"155","25","021","402101",NA,2885,314,3389,119,0,0,26,45,3389,3325,1254,127,1204,50,0,56,0,0,0,13,0,0,0,0,0,0,0,0,0,0,13,297,297,498,38,281,165,245,67,18,1475,0.461
"157","25","021","402200",39978,1811,143,2133,44,15,0,87,33,2133,1923,706,50,690,74,15,14,0,30,0,11,0,0,0,0,7,0,0,0,0,0,24,251,251,410,0,225,96,132,18,13,815,0.4042
"249","25","021","416102",10925,3111,442,4101,320,9,0,51,168,4101,3977,802,71,785,22,0,48,0,4,7,0,0,0,0,0,0,0,0,0,0,0,0,73,73,715,43,149,101,395,46,10,975,0.5149
"250","25","021","416200",42476,3424,2394,6459,291,0,0,147,203,6459,6203,1343,653,1332,29,0,128,0,21,68,31,0,0,0,0,0,0,0,0,0,0,34,748,748,908,116,386,147,267,126,29,2329,0.3919
"252","25","021","416400",57418,5673,30,6139,406,0,0,15,15,6139,5883,1911,16,1818,93,0,115,0,15,15,0,0,0,0,0,0,0,0,0,0,0,0,466,466,1001,54,298,239,370,44,16,2126,0.3998
"464","25","011","040100",27162,4341,18,4519,50,7,0,18,85,4519,4446,1829,2,1821,16,3,29,0,6,18,0,0,3,2,4,1,0,0,3,4,72,35,174,174,503,726,122,170,214,67,18,2613,0.4221
"465","25","011","040200",NA,4286,54,4486,44,0,0,48,54,4486,4302,1772,6,1744,31,0,14,0,0,18,3,0,17,0,0,8,0,0,0,0,56,123,214,214,417,131,126,93,184,33,6,1941,0.3666
"466","25","011","040300",NA,2931,7,3022,52,0,0,6,26,3022,2947,1203,0,1197,18,0,9,0,6,16,8,0,0,0,0,0,0,25,6,0,59,70,168,168,411,154,139,143,196,126,7,1388,0.3424
"470","25","011","040600",36972,4527,67,4730,43,14,0,0,79,4730,4591,1972,18,1939,43,3,16,0,0,14,0,0,0,0,0,0,0,0,0,0,66,64,401,401,447,164,120,99,183,74,8,2187,0.4137
"600","25","025","000100",33398,2348,178,3671,531,0,0,556,58,3671,2977,1077,86,1012,203,0,165,0,138,36,0,0,0,0,0,0,0,0,0,0,21,0,61,61,859,184,489,317,365,23,28,1686,0.4693
"601","25","025","000201",NA,2729,143,3284,200,0,0,106,106,3284,2985,1105,47,1007,120,0,62,0,65,62,11,0,0,0,0,0,0,0,0,0,0,13,111,111,784,198,487,316,389,56,38,1539,0.434
"602","25","025","000202",35462,2342,365,3587,550,0,0,295,35,3587,2921,975,129,906,166,0,168,0,68,0,0,0,0,0,0,0,0,0,0,0,0,16,66,66,657,156,339,175,259,14,20,1496,0.4524
"603","25","025","000301",NA,2146,50,2712,362,0,0,154,0,2712,2486,924,21,892,75,0,106,0,43,0,0,0,0,0,0,0,0,0,0,0,6,9,92,92,393,107,126,146,165,0,21,1201,0.4226
"604","25","025","000302",37925,2185,149,2880,408,0,0,91,47,2880,2754,925,45,898,36,0,191,0,43,0,0,0,0,0,0,0,0,0,0,0,0,10,160,160,430,149,194,218,332,0,0,1353,0.4478
"605","25","025","000401",NA,3781,137,5265,1151,0,0,37,159,5265,4887,1808,85,1688,137,0,580,0,17,43,0,0,0,0,0,0,0,0,0,0,13,0,143,143,805,214,665,412,553,0,25,2747,0.5444
"606","25","025","000402",NA,2268,85,3176,693,0,0,9,121,3176,2774,1028,17,970,102,0,239,0,9,70,0,0,0,0,0,0,0,0,0,0,7,10,59,59,461,118,219,101,341,11,39,1481,0.4321
"607","25","025","000502",NA,5190,160,6350,833,9,0,59,99,6350,5867,1495,29,1405,119,0,199,0,0,0,0,0,0,0,0,0,0,0,0,0,0,9,67,67,672,171,388,218,399,8,28,1894,0.5828
"608","25","025","000503",36132,1720,34,2096,157,18,0,22,145,2096,1989,994,27,965,51,0,96,0,22,91,0,0,0,0,0,0,0,0,0,0,0,32,10,10,433,55,143,49,179,0,24,1285,0.4659
"609","25","025","000504",NA,3314,202,4149,375,66,0,39,153,4149,3825,2048,43,1943,144,34,152,0,39,60,0,0,0,0,0,0,0,0,0,0,18,3,50,50,578,218,72,79,164,15,13,2594,0.4896
"610","25","025","000601",31016,2327,83,3294,689,11,0,137,47,3294,2968,949,60,859,104,0,233,0,30,10,0,0,0,0,0,0,0,0,0,0,0,15,68,68,815,196,259,222,257,38,27,1478,0.4537
"611","25","025","000602",NA,2145,459,3527,538,12,0,235,138,3527,2951,1100,254,1028,238,12,235,0,107,14,0,0,0,0,0,0,0,0,0,0,2,4,24,24,490,157,288,175,300,2,71,1879,0.6146
"612","25","025","000701",30833,2427,223,3777,880,47,24,27,149,3777,3401,1210,146,984,254,47,369,0,18,88,0,0,0,0,0,0,0,0,0,0,0,0,42,42,714,326,419,281,321,0,13,2204,0.461
"613","25","025","000703",15687,1273,267,2146,555,0,0,34,17,2146,1952,578,153,548,83,0,251,0,17,12,0,0,0,0,0,0,0,0,0,0,0,0,0,0,437,116,247,50,225,25,0,1127,0.5082
"614","25","025","000704",33234,2738,278,4261,761,1,0,317,166,4261,3784,1445,166,1267,301,1,298,0,95,125,0,0,0,0,0,0,0,0,0,0,0,0,25,25,761,207,332,130,177,52,0,2337,0.4316
"615","25","025","000802",22983,4299,468,7120,1002,12,0,834,505,7120,5332,1630,192,1458,432,0,466,0,162,95,0,0,0,0,0,0,0,0,0,0,0,0,92,92,1710,327,714,523,825,0,28,2872,0.579
"616","25","025","000803",NA,4420,394,6234,1060,0,0,106,254,6234,5502,396,72,291,126,0,156,0,9,28,0,0,0,0,0,0,0,0,0,0,0,0,0,0,1043,209,345,145,602,0,15,870,0.495
"617","25","025","010103",3464,2214,195,3621,845,5,0,145,217,3621,3171,278,16,241,65,0,112,0,7,39,0,0,0,0,0,0,0,0,0,0,0,5,43,43,594,21,268,25,456,0,6,473,0.6458
"618","25","025","010104",NA,3397,152,4784,805,0,0,132,298,4784,4293,1334,35,1267,126,0,222,0,38,59,0,0,0,0,0,0,0,0,0,0,12,0,84,84,792,311,269,83,367,10,45,1999,0.5756
"619","25","025","010203",NA,3712,208,4972,719,9,0,254,70,4972,4090,2293,146,1887,550,0,414,0,144,18,0,0,0,0,0,0,0,0,0,0,0,0,12,12,659,232,186,98,272,0,0,3247,0.6426
"620","25","025","010204",NA,2098,74,3360,991,0,8,105,84,3360,3146,526,6,508,28,0,344,0,0,44,0,0,0,0,0,0,0,0,0,0,0,0,9,9,828,210,408,35,570,0,24,1130,0.644
"621","25","025","010300",NA,3972,322,5233,592,17,6,221,103,5233,4765,161,38,138,65,17,28,0,31,11,0,0,0,0,0,0,0,0,0,0,0,0,32,32,1808,25,849,54,1610,0,6,311,0.4831
"622","25","025","010403",NA,1759,160,2875,666,25,0,114,151,2875,2500,1144,121,987,294,25,403,0,103,54,0,0,0,0,0,0,0,0,0,0,0,0,37,37,661,105,384,306,275,3,19,1955,0.6314
"623","25","025","010404",5384,3549,383,5167,968,13,14,139,101,5167,4627,870,194,658,225,0,296,14,13,16,0,0,0,0,0,0,0,0,0,0,0,0,0,0,1327,131,575,108,879,0,0,1534,0.5496
"624","25","025","010405",5038,4244,492,5947,787,0,12,159,253,5947,5339,613,84,529,120,0,139,0,14,17,0,0,0,0,0,0,0,0,0,0,0,0,8,8,1554,63,769,117,1269,14,19,930,0.5688
"625","25","025","010408",NA,1065,59,1484,336,0,0,9,15,1484,1355,688,41,623,71,0,167,0,0,10,0,0,0,0,0,0,0,0,0,0,0,0,86,86,258,58,142,96,100,5,31,964,0.4042
"626","25","025","010500",NA,2264,372,3333,477,0,0,159,61,3333,2943,1107,171,974,222,0,285,0,89,24,0,0,0,0,0,0,0,0,0,0,0,0,29,29,733,58,211,114,371,21,0,1734,0.5298
"627","25","025","010600",65823,2326,351,3033,342,14,0,0,0,3033,2888,1496,230,1452,52,14,258,0,0,0,0,0,0,0,0,0,0,0,0,0,0,0,52,52,678,336,225,123,161,10,28,2334,0.6019
"628","25","025","010701",58576,2391,46,2825,257,0,0,59,72,2825,2570,1281,12,1149,132,0,175,0,0,33,0,0,0,0,9,0,0,0,0,0,0,0,9,9,638,173,325,194,307,0,10,1674,0.5072
"673","25","025","010702",NA,2265,52,2446,100,0,0,7,22,2446,2274,1211,15,1149,69,0,63,0,0,22,0,0,0,0,0,0,0,0,0,0,0,15,74,74,361,347,159,106,164,40,8,1658,0.5482
"674","25","025","010801",62797,2828,5,3091,204,0,0,25,29,3091,2874,1605,0,1466,150,0,106,0,11,19,0,0,0,0,0,0,0,0,0,0,8,0,54,54,647,235,147,68,222,9,0,1976,0.5932
"675","25","025","010802",70893,2531,33,2849,232,0,0,14,39,2849,2601,1474,0,1338,142,0,161,0,6,32,6,0,0,0,0,0,0,0,0,0,0,0,84,84,350,376,105,54,138,0,18,2049,0.5667
"676","25","025","020101",NA,4197,39,4416,138,0,0,0,42,4416,4380,2531,25,2514,17,0,74,0,0,17,0,0,0,0,0,0,0,0,0,0,0,0,149,149,453,230,66,118,206,41,0,2877,0.5577
"677","25","025","020200",NA,3265,107,3894,397,0,0,59,66,3894,3557,1702,107,1613,182,0,280,0,39,66,0,0,0,0,0,0,0,0,0,0,0,0,14,14,666,197,412,217,290,15,24,2391,0.5134
"678","25","025","020301",NA,1661,36,2371,581,0,0,9,84,2371,2245,920,7,864,65,0,301,0,9,59,0,0,0,0,0,0,0,0,0,0,0,0,83,83,412,147,162,100,118,26,0,1443,0.511
"679","25","025","020302",62009,949,0,995,4,0,0,0,42,995,982,551,0,551,0,0,4,0,0,27,0,0,0,0,0,0,0,0,0,0,0,6,4,4,123,85,137,52,122,0,0,667,0.4297
"680","25","025","020303",58375,2357,297,3574,533,0,0,286,101,3574,2989,1242,75,1179,126,0,307,0,63,28,0,0,0,0,0,0,0,0,0,0,0,0,43,43,594,258,178,180,148,19,18,1973,0.5203
"681","25","025","030100",60121,2066,0,2151,72,0,0,5,8,2151,2122,1255,0,1234,21,0,29,0,5,8,0,0,0,0,0,0,0,0,0,0,5,0,65,65,536,63,207,139,217,28,50,1360,0.436
"682","25","025","030200",NA,1671,8,1738,28,0,0,3,28,1738,1578,1006,4,955,51,0,18,0,0,24,0,0,0,0,0,0,0,0,0,0,0,0,65,65,296,31,72,77,85,31,11,1083,0.3926
"683","25","025","030300",NA,4406,426,5511,335,21,0,273,50,5511,5140,2228,113,2125,159,0,203,0,115,40,0,0,0,0,0,0,0,0,0,0,0,0,91,91,925,563,438,368,401,39,27,3262,0.5683
"684","25","025","030400",50639,2421,24,2608,86,0,0,33,44,2608,2488,1408,15,1333,86,0,66,0,11,10,0,0,0,0,0,0,0,0,0,0,8,9,76,76,586,128,321,106,157,24,25,1638,0.4471
"685","25","025","030500",63287,2406,9,2610,100,0,0,34,61,2610,2592,1349,8,1344,5,0,74,0,34,20,13,0,0,0,0,0,0,0,0,0,6,0,64,64,488,117,221,77,99,6,8,1602,0.5438
"686","25","025","040100",73772,2323,0,2399,71,0,0,0,5,2399,2240,1133,0,1087,46,0,30,0,0,5,6,0,0,0,0,0,0,0,0,0,5,0,88,88,280,93,168,144,119,10,13,1261,0.4522
"687","25","025","040200",NA,912,415,1841,114,0,0,246,154,1841,1303,426,84,374,165,0,42,0,70,48,0,0,0,0,0,0,0,0,0,0,0,0,27,27,288,72,73,57,136,4,10,742,0.582
"688","25","025","040300",NA,3376,487,4325,288,0,0,84,90,4325,4171,1614,181,1593,67,0,98,0,25,42,0,0,0,0,0,0,0,0,0,0,9,10,278,278,583,201,292,237,276,44,0,2161,0.5265
"689","25","025","040401",NA,2024,45,2523,297,0,0,149,8,2523,2364,1055,9,1055,28,0,101,0,28,0,0,0,0,0,0,0,0,0,0,0,0,0,132,132,542,82,256,232,335,19,23,1275,0.5612
"690","25","025","040600",66458,2552,150,2872,100,0,0,12,58,2872,2792,1215,55,1204,11,0,51,0,7,6,0,0,0,0,0,0,0,0,0,0,0,7,231,231,590,87,216,230,257,25,9,1421,0.3889
"691","25","025","040801",NA,2149,883,4098,708,0,0,274,84,4098,3208,1326,337,1230,310,0,275,0,121,73,0,0,0,0,0,0,0,0,0,0,0,21,97,97,433,121,219,87,142,90,38,2253,0.5871
"692","25","025","050101",23662,3111,235,5487,320,213,0,466,1142,5487,2022,1145,84,728,927,39,111,0,160,326,0,0,0,0,0,0,0,0,0,0,0,48,95,95,1501,76,520,751,578,128,58,1941,0.4517
"693","25","025","050200",23392,3515,230,6083,153,0,0,222,1963,6083,1658,1104,140,525,1097,0,43,0,64,532,0,0,0,0,0,0,0,0,0,0,0,24,100,100,2055,110,569,775,329,222,52,1993,0.3697
"694","25","025","050300",NA,1321,228,2142,153,0,0,114,326,2142,1183,635,101,438,336,0,103,0,36,130,0,0,0,0,0,0,0,0,0,0,0,5,40,40,644,80,215,245,208,62,31,1085,0.5202
"695","25","025","050400",22360,1881,50,2437,30,13,0,148,315,2437,1074,828,10,537,372,0,23,0,33,79,0,0,0,0,0,0,0,0,0,0,12,0,42,42,904,137,440,445,299,0,70,1110,0.4385
"696","25","025","050500",21709,1781,46,2305,39,0,0,16,423,2305,1012,594,32,381,311,0,8,0,10,88,0,0,0,0,0,0,0,0,0,0,0,6,51,51,659,38,235,213,112,44,8,770,0.3912
"697","25","025","050600",23848,1433,109,2292,44,0,0,123,583,2292,656,504,54,270,449,0,24,0,39,186,0,0,0,0,0,0,0,0,0,0,0,11,24,24,1035,68,479,384,128,75,45,875,0.4519
"698","25","025","050700",26660,2721,2,5311,14,28,0,303,2243,5311,1529,903,0,554,879,6,7,0,90,560,0,0,0,0,0,0,0,0,0,0,21,5,58,58,2194,188,1067,1030,641,183,42,1754,0.4143
"699","25","025","050901",26289,2609,74,4740,190,0,0,43,1824,4740,1449,890,39,446,807,0,62,0,20,419,11,0,21,0,18,0,0,0,0,0,0,8,92,92,1873,129,759,687,300,184,43,1559,0.3796
"700","25","025","051000",NA,3112,78,4548,84,170,0,365,739,4548,2626,1366,29,1135,536,42,45,0,73,221,0,0,0,0,0,0,0,0,0,0,18,42,118,118,1452,74,537,249,413,154,45,1850,0.4561
"701","25","025","051101",NA,4617,331,6463,470,0,0,161,884,6463,3861,1860,119,1248,836,0,120,0,52,237,0,0,0,0,0,0,0,0,0,0,0,93,213,213,1702,119,841,502,586,212,14,2507,0.4937
"702","25","025","051200",32995,1807,55,2695,123,0,0,232,478,2695,1554,876,13,676,381,0,44,0,94,111,18,0,0,0,0,0,0,0,0,0,0,0,86,86,791,80,368,264,203,78,61,1218,0.4534
"703","25","025","060101",52382,3621,39,3798,74,0,0,47,17,3798,3700,1601,0,1601,28,0,40,0,0,7,0,0,0,0,0,0,0,0,0,15,0,6,235,235,804,64,280,188,277,70,52,1712,0.4223
"704","25","025","060200",NA,2290,1,2412,91,0,0,2,28,2412,2397,957,0,957,0,0,58,0,0,0,0,0,0,0,0,0,0,0,0,0,5,0,202,202,703,40,184,146,193,47,19,1055,0.3644
"705","25","025","060301",NA,3364,2,3432,18,0,0,30,18,3432,3372,1555,0,1528,27,0,9,0,0,15,0,0,0,0,0,0,0,0,0,0,0,8,225,225,871,159,326,214,358,6,28,1738,0.4555
"706","25","025","060400",51489,5115,133,5378,62,0,0,68,0,5378,5204,2439,53,2371,118,0,44,0,50,0,0,0,0,0,0,0,0,0,0,0,0,16,568,568,1537,118,502,442,552,77,45,2704,0.4084
"707","25","025","060501",NA,3782,42,4056,118,0,0,98,16,4056,3884,1831,0,1771,85,0,48,0,25,0,9,0,0,0,0,0,0,0,0,0,11,0,340,340,937,125,372,138,173,9,25,2029,0.4134
"708","25","025","060600",NA,2314,19,2679,273,0,0,0,73,2679,2652,1272,10,1259,13,0,120,0,0,19,0,0,0,0,0,0,0,0,0,0,16,20,182,182,481,164,215,107,170,13,14,1585,0.4048
"709","25","025","060700",15368,670,810,2557,249,7,0,635,186,2557,1588,276,192,231,329,7,45,0,216,65,0,0,0,0,0,0,0,0,0,0,0,0,0,0,424,37,189,121,155,82,110,838,0.4157
"710","25","025","060800",51951,4463,4,5118,173,92,0,151,235,5118,4923,1843,0,1801,100,25,145,0,58,52,0,0,0,0,0,0,0,0,0,0,34,0,350,350,1436,123,811,545,578,26,40,2246,0.4628
"711","25","025","061000",16529,1880,375,3190,279,0,0,514,142,3190,2218,813,103,669,388,0,104,0,273,16,0,0,0,0,0,0,0,0,0,0,0,0,68,68,612,57,193,220,221,38,55,1366,0.5624
"712","25","025","061101",12528,705,480,2168,402,5,0,513,63,2168,1162,349,235,217,445,0,181,0,246,26,0,0,0,0,0,0,0,0,0,0,0,0,0,0,485,70,67,148,115,27,65,1107,0.569
"713","25","025","061200",60027,3243,95,3551,178,0,0,0,35,3551,3470,1817,42,1765,52,0,133,0,0,34,0,0,0,0,0,0,0,0,0,0,7,16,194,194,848,139,307,103,155,66,0,2165,0.4495
"714","25","025","070101",NA,3905,159,5668,1301,7,0,80,216,5668,5172,2011,46,1767,244,0,713,0,0,71,0,0,0,0,0,0,0,0,0,0,0,40,171,171,762,693,261,219,377,24,46,3534,0.6514
"715","25","025","070200",NA,1946,90,5724,3567,0,0,16,105,5724,5530,292,61,271,27,0,1273,0,6,26,0,0,0,0,0,0,0,0,0,0,0,11,9,9,951,35,215,274,398,69,11,1693,0.7044
"716","25","025","070300",55824,3432,73,4350,645,0,0,47,153,4350,4062,1996,61,1888,138,0,296,0,47,61,0,5,0,0,0,0,0,0,0,0,0,12,139,139,932,162,284,256,242,108,20,2623,0.511
"717","25","025","070402",NA,202,165,1700,1259,0,0,62,12,1700,1621,121,68,93,40,0,473,0,12,12,0,0,0,0,0,0,0,0,0,0,0,0,0,0,361,64,113,224,171,36,10,750,0.539
"762","25","025","070500",61259,3903,192,5921,961,61,0,371,433,5921,4975,2125,74,2025,426,42,467,0,181,87,19,0,0,0,0,0,0,0,0,0,0,0,267,267,924,173,331,313,410,54,97,3149,0.552
"763","25","025","070600",NA,2060,14,2324,213,0,0,28,9,2324,2263,1159,11,1108,51,0,83,0,0,8,0,0,0,0,0,0,0,0,0,0,0,0,108,108,324,98,190,92,158,0,18,1359,0.5006
"764","25","025","070700",43964,1778,882,2966,164,0,0,97,45,2966,2757,873,328,832,73,0,82,0,58,20,9,0,0,0,0,0,0,0,0,0,0,0,106,106,572,30,222,115,126,17,10,1391,0.5489
"765","25","025","070800",NA,2658,658,3722,364,16,0,9,17,3722,3298,1418,357,1207,219,0,253,0,0,12,32,0,0,0,0,0,0,0,0,0,0,0,186,186,778,89,239,180,177,25,73,2129,0.5007
"766","25","025","070900",31273,1586,900,3153,329,0,0,203,135,3153,2537,835,405,752,222,0,127,0,100,72,7,0,0,0,0,0,0,0,0,0,11,0,45,45,671,292,303,261,438,60,74,1831,0.557
"767","25","025","071101",NA,2352,443,4067,639,0,0,517,116,4067,3284,1190,204,1043,301,0,405,0,247,50,0,0,0,0,0,0,0,0,0,0,0,0,216,216,536,130,202,129,130,0,15,2226,0.5919
"768","25","025","071201",19926,1391,809,3398,621,0,0,351,226,3398,2445,656,242,538,382,0,274,0,145,41,0,0,0,0,0,0,13,0,0,0,9,0,31,31,488,123,213,191,237,22,0,1481,0.6645
"769","25","025","080100",13531,636,1511,2814,53,51,0,534,29,2814,2098,160,355,123,180,21,0,0,152,5,5,0,0,0,0,0,0,0,0,0,0,9,11,11,592,93,49,208,77,21,5,786,0.4518
"770","25","025","080300",17468,272,1184,2071,48,18,0,442,107,2071,1419,68,485,27,255,12,10,0,178,48,0,0,0,0,0,0,0,0,0,0,0,0,16,16,549,96,190,195,255,95,47,897,0.5542
"771","25","025","080401",NA,450,1745,2995,35,0,0,607,158,2995,1888,219,760,114,453,0,24,0,265,78,0,0,0,0,0,0,0,0,0,0,0,16,27,27,598,41,157,130,177,65,47,1387,0.5621
"772","25","025","080500",13414,697,1357,3286,67,0,0,944,221,3286,1624,304,604,114,623,0,31,0,361,54,0,0,0,0,0,0,6,0,0,0,0,0,2,2,1006,77,186,160,138,59,20,1431,0.5049
"773","25","025","080601",5556,2110,1366,4540,676,3,0,271,114,4540,3850,194,538,127,227,3,75,0,94,30,0,0,0,0,0,0,0,0,0,0,0,0,38,38,1209,27,540,142,1080,46,27,961,0.542
"774","25","025","080801",8725,1528,1337,4028,476,0,0,468,219,4028,2758,133,390,40,413,0,112,0,199,83,0,0,0,0,0,0,0,0,0,0,0,0,0,0,1358,54,549,247,871,53,58,971,0.4284
"775","25","025","080900",NA,2738,319,3829,652,28,0,47,45,3829,3617,1045,155,1008,65,10,212,0,18,9,0,0,0,0,0,0,0,0,0,0,0,0,2,2,845,129,381,182,426,57,9,1578,0.4458
"776","25","025","081001",13825,2003,872,4576,1096,0,0,422,183,4576,3785,1000,384,896,391,0,479,0,214,82,0,0,0,0,0,0,0,0,0,0,0,0,49,49,1228,148,539,339,479,74,17,2307,0.5843
"777","25","025","081100",22257,2417,702,4267,577,21,0,410,140,4267,3501,905,260,781,344,9,246,0,112,96,0,0,0,0,0,0,0,0,0,0,0,54,132,132,1035,81,422,396,373,39,40,1709,0.5403
"778","25","025","081200",16601,858,1238,3425,110,0,0,1066,153,3425,1725,395,425,275,522,0,50,0,313,40,0,0,0,0,0,0,0,0,0,0,0,0,71,71,810,117,279,233,254,52,47,1340,0.5238
"779","25","025","081300",15624,1020,2258,5428,134,11,0,1615,390,5428,3107,398,904,223,1052,11,32,0,651,130,0,0,0,0,0,0,0,0,0,0,0,17,49,49,1139,68,312,219,278,65,24,2194,0.5138
"780","25","025","081400",24308,996,1349,2861,188,0,0,262,66,2861,2496,358,696,324,140,0,55,0,84,47,10,0,0,0,0,0,0,0,0,0,0,0,64,64,676,203,208,109,227,22,33,1443,0.4938
"781","25","025","081500",20534,333,1261,2185,66,0,0,468,57,2185,1512,156,504,125,210,0,27,0,137,26,0,0,0,0,0,0,0,0,0,0,22,12,69,69,574,111,191,97,107,70,26,961,0.5243
"782","25","025","081700",NA,220,2460,3337,126,11,0,250,270,3337,2819,125,1148,70,200,11,39,0,66,101,0,0,0,0,0,0,0,0,0,0,3,9,76,76,634,281,167,217,348,73,29,1771,0.5554
"783","25","025","081800",17468,235,2705,3590,0,0,0,552,98,3590,2553,44,1040,27,362,0,0,0,247,48,0,0,0,0,0,0,0,0,0,0,0,8,12,12,1013,140,198,268,199,48,56,1519,0.5195
"784","25","025","081900",17287,412,2515,3515,18,0,0,360,210,3515,2521,142,1104,7,347,0,18,0,112,37,0,0,0,0,0,0,0,0,0,0,41,19,8,8,809,108,286,75,311,20,29,1521,0.5411
"785","25","025","082000",NA,386,2152,2725,25,0,0,129,33,2725,2182,144,920,17,218,0,9,0,67,20,0,0,0,0,0,0,0,0,0,0,0,27,45,45,723,221,308,262,322,37,71,1381,0.5439
"786","25","025","082100",NA,441,3378,5243,95,0,0,1127,202,5243,3587,191,1345,65,701,0,22,0,482,90,0,0,0,0,0,0,0,0,0,0,0,11,18,18,936,119,166,225,269,46,124,2249,0.5955
"787","25","025","090100",18927,374,3493,4812,42,0,0,767,136,4812,3772,143,1331,66,361,0,12,0,226,95,0,0,0,0,0,0,0,0,0,0,0,0,49,49,1208,215,378,603,517,194,70,2022,0.5031
"788","25","025","090200",16689,199,1119,2383,110,0,27,784,144,2383,1491,80,410,6,299,0,38,27,223,36,0,0,0,0,0,0,0,0,0,0,0,0,7,7,379,74,66,142,53,70,33,888,0.4764
"789","25","025","090300",NA,293,2381,3631,0,165,0,679,113,3631,2587,112,834,31,327,26,0,0,240,52,0,0,0,0,0,0,0,0,0,0,0,0,26,26,728,111,219,134,133,132,40,1375,0.5307
"790","25","025","090400",17492,480,2484,3965,105,0,0,769,127,3965,2654,145,826,40,395,0,24,0,200,29,0,0,0,0,0,0,0,0,0,0,0,7,46,46,859,118,208,92,176,162,12,1342,0.4621
"791","25","025","090600",21375,266,1457,2337,9,20,0,474,111,2337,1834,99,459,55,163,6,4,0,142,27,0,0,0,0,0,0,0,0,0,0,13,7,41,41,432,88,153,124,106,81,16,825,0.455
"792","25","025","090700",30650,2429,483,4613,815,31,0,777,78,4613,3882,1096,182,1049,204,31,275,0,204,34,0,0,0,0,0,0,0,0,0,18,19,0,182,182,1098,218,465,362,301,21,103,2040,0.4672
"793","25","025","090901",21237,1312,525,3832,1201,58,0,716,20,3832,2892,527,206,465,294,17,458,0,215,14,0,0,0,0,0,0,0,0,0,0,0,0,0,0,578,140,140,30,133,46,14,1577,0.5709
"794","25","025","091001",32381,1834,477,3217,818,0,0,44,44,3217,3138,921,162,904,41,0,238,0,24,15,0,0,0,0,0,0,0,0,0,0,14,30,166,166,521,38,93,216,82,82,17,1398,0.4665
"795","25","025","091100",35317,2996,245,5477,1506,0,0,498,232,5477,5089,1094,88,1094,160,0,366,0,186,81,0,0,0,0,0,0,0,0,0,0,0,21,340,340,1435,168,501,620,509,79,32,1983,0.4439
"796","25","025","091200",NA,1254,853,3241,43,74,0,703,314,3241,2486,560,311,534,211,27,6,0,222,49,0,0,0,0,0,0,0,0,0,0,0,30,215,215,699,146,119,216,141,46,64,1321,0.4489
"797","25","025","091300",NA,602,1060,2596,24,0,0,807,103,2596,1840,178,361,97,221,0,11,0,216,45,0,0,0,0,0,0,0,0,0,0,23,11,16,16,705,109,112,249,115,94,31,920,0.4754
"798","25","025","091400",17447,386,1297,2721,27,18,0,926,67,2721,1828,118,468,93,275,8,6,0,304,10,0,0,0,0,0,0,0,0,0,0,20,10,35,35,591,83,127,149,164,65,35,997,0.4377
"799","25","025","091500",23671,583,1916,4801,251,12,0,1746,293,4801,3908,274,674,243,330,4,77,0,491,123,11,0,0,0,0,0,0,0,0,16,51,0,79,79,1523,152,363,455,545,117,129,1795,0.4315
"800","25","025","091600",NA,534,1576,3382,795,0,0,399,78,3382,2939,187,573,171,100,0,186,0,114,19,0,0,0,0,0,0,0,0,0,0,39,0,33,33,776,127,167,191,169,66,8,1206,0.4635
"801","25","025","091700",22025,367,1957,3304,201,5,0,734,40,3304,2503,146,585,75,234,0,47,0,219,12,0,0,0,0,0,0,0,0,0,0,6,4,53,53,993,107,350,396,331,49,46,1116,0.5207
"802","25","025","091800",NA,422,2219,3811,3,0,0,1002,165,3811,3262,146,575,40,214,0,0,0,301,73,0,0,0,0,0,0,0,0,0,0,0,21,22,22,1084,163,414,475,442,55,41,1258,0.485
"803","25","025","091900",22481,352,2953,4016,43,9,0,614,45,4016,3083,121,949,88,363,0,5,0,203,29,0,0,0,0,0,0,0,0,0,0,0,17,120,120,1411,140,296,471,506,162,37,1447,0.5254
"804","25","025","092000",21556,665,3489,5567,475,16,0,763,159,5567,3932,260,930,142,426,16,113,0,232,31,0,0,0,13,0,0,0,0,0,0,6,10,63,63,1248,190,269,388,365,156,26,1772,0.4555
"805","25","025","092101",NA,2042,1717,7099,2601,0,0,434,305,7099,6579,802,547,724,228,0,675,0,214,61,0,0,0,0,0,0,0,0,0,0,0,34,150,150,1390,257,432,603,512,164,77,2556,0.5415
"806","25","025","092200",NA,889,1532,3264,573,0,0,185,85,3264,3045,396,501,385,72,0,125,0,58,48,0,0,0,0,0,0,0,0,0,0,11,31,162,162,508,136,198,246,243,43,28,1264,0.4175
"807","25","025","092300",23765,348,2881,3452,14,55,0,67,87,3452,3066,132,888,77,132,14,14,0,25,19,0,0,5,0,0,0,0,0,0,0,16,5,67,67,603,92,112,191,128,70,0,1184,0.4591
"852","25","025","092400",17175,490,4887,5732,0,157,0,150,48,5732,4149,216,1598,11,596,73,0,0,102,40,0,0,0,0,0,0,0,0,0,0,0,0,10,10,1546,131,318,612,700,157,51,2160,0.4361
"853","25","025","100100",14357,1039,4607,6146,110,7,0,211,172,6146,4507,279,1578,58,510,5,28,0,63,70,0,0,0,0,0,0,0,0,0,0,60,7,91,91,1199,166,320,343,286,174,41,2189,0.5504
"854","25","025","100200",19145,146,2469,3005,57,0,0,173,160,3005,2629,61,738,35,140,0,19,0,50,56,6,0,0,0,0,0,0,0,0,0,12,42,38,38,738,138,102,155,159,113,12,1062,0.4982
"855","25","025","100300",NA,332,3121,3642,108,0,0,32,49,3642,3269,92,1030,24,130,0,22,0,32,22,24,0,0,0,0,0,0,0,0,0,40,79,57,57,673,137,177,298,188,66,6,1335,0.4575
"856","25","025","100400",27239,537,3585,5209,376,155,0,350,206,5209,4625,221,1219,204,168,42,135,0,77,39,16,0,7,0,0,0,0,0,0,0,10,55,220,220,1379,198,540,408,523,187,9,1931,0.4284
"857","25","025","100500",NA,1378,4621,7227,782,17,0,88,341,7227,6051,629,1299,501,427,17,217,0,66,111,0,0,0,0,0,0,0,0,0,0,0,18,198,198,1783,209,233,574,443,261,36,2548,0.5123
"858","25","025","100601",NA,1911,1729,5185,993,20,0,273,259,5185,4662,947,766,905,195,20,280,0,62,65,6,0,0,0,0,0,0,0,0,0,4,126,99,99,1086,93,450,499,561,128,29,2233,0.3989
"859","25","025","100603",41433,1499,324,2038,180,4,0,1,30,2038,1977,675,105,675,9,4,30,0,0,21,0,0,6,0,0,0,0,0,0,0,50,12,102,102,485,67,204,114,187,58,38,902,0.3781
"860","25","025","100700",42028,4050,180,4370,83,0,0,9,48,4370,4264,1776,69,1776,24,0,20,0,9,47,0,0,0,0,0,0,0,0,0,0,0,45,474,474,552,120,316,187,237,50,16,2041,0.3988
"861","25","025","100800",40820,3157,2266,6716,996,0,0,0,297,6716,6704,1647,758,1635,12,0,255,0,0,37,0,0,0,0,7,0,0,0,0,0,13,28,407,407,707,132,148,169,137,0,27,2829,0.4767
"862","25","025","100900",29073,1029,2494,3975,408,0,0,13,31,3975,3718,484,951,470,62,0,115,0,13,20,14,0,0,0,0,0,0,0,0,0,0,36,169,169,729,206,181,322,307,108,0,1789,0.3875
"863","25","025","101001",21509,241,5402,5817,0,0,0,133,41,5817,5176,82,2052,24,124,0,0,0,19,29,0,0,0,0,0,0,0,0,0,0,0,78,172,172,1720,199,337,544,556,158,70,2381,0.4491
"864","25","025","101002",20582,546,4056,4926,7,14,0,197,106,4926,3605,180,1688,39,478,14,0,0,81,48,0,0,0,0,0,0,0,0,0,0,38,21,53,53,1192,280,475,420,590,70,35,2291,0.4616
"865","25","025","101101",21414,253,3383,3808,47,0,0,12,113,3808,2870,66,976,26,207,0,14,0,0,47,0,0,0,0,0,0,0,0,0,0,23,5,81,81,970,114,225,341,214,189,9,1217,0.3694
"866","25","025","101102",16746,375,4532,5146,93,0,0,25,121,5146,4571,95,1385,35,191,0,37,0,25,10,0,0,0,0,0,0,0,0,0,0,8,0,20,20,1268,181,372,611,378,177,61,1733,0.4135
"867","25","025","110103",NA,3393,1651,6557,528,0,0,726,259,6557,4665,1404,555,1186,476,0,182,0,184,52,0,0,0,0,0,0,0,0,0,0,17,26,330,330,1459,101,756,926,803,126,34,2478,0.4721
"868","25","025","110201",NA,955,930,2380,0,8,0,417,70,2380,1574,426,363,274,299,8,0,0,108,12,0,0,0,0,0,0,0,0,0,0,0,7,59,59,638,22,339,270,268,101,35,939,0.4742
"869","25","025","110301",NA,1222,931,2663,49,64,0,376,21,2663,1941,564,255,452,199,0,19,0,93,6,0,0,8,0,0,0,0,0,0,0,9,0,210,210,587,76,272,196,205,91,7,1013,0.3445
"870","25","025","110401",30497,2036,1278,3830,123,93,0,130,170,3830,2645,766,439,546,353,21,47,0,87,50,0,0,0,0,0,0,0,0,0,0,0,24,223,223,825,47,281,177,195,58,69,1457,0.4115
"871","25","025","110403",NA,2405,1425,4724,118,8,0,503,265,4724,3203,1018,509,871,411,8,40,0,103,38,0,0,0,0,0,0,0,0,0,0,0,82,353,353,852,108,239,241,390,67,13,1824,0.4798
"872","25","025","110501",39614,2718,439,3601,59,0,0,273,112,3601,3126,1074,117,1036,119,0,20,0,81,24,0,0,0,0,0,0,0,0,0,0,0,21,302,302,719,118,218,240,65,115,10,1434,0.411
"873","25","025","110502",NA,3358,656,4443,16,21,0,224,168,4443,3515,1390,247,1184,291,0,6,0,72,48,0,0,0,0,0,0,0,0,0,0,23,2,387,387,1060,58,330,379,442,72,12,1821,0.4168
"874","25","025","110601",NA,2630,137,2946,100,0,0,42,37,2946,2807,1080,66,1053,37,0,41,0,0,10,0,0,0,0,0,10,0,0,0,0,0,11,185,185,551,126,129,204,135,17,36,1323,0.5125
"875","25","025","110607",NA,4397,378,5126,132,0,0,79,140,5126,4719,2011,83,1976,109,0,47,0,34,37,13,0,0,0,0,0,0,0,0,0,0,22,649,649,1057,91,177,399,179,51,18,2303,0.4659
"876","25","025","120103",NA,1352,66,1625,84,0,0,1,122,1625,1512,586,55,573,36,0,25,0,0,0,0,0,0,3,0,0,0,0,14,0,6,0,74,74,83,35,66,32,56,18,5,701,0.4259
"877","25","025","120104",43963,1746,163,2273,109,0,0,121,134,2273,1759,890,26,802,183,0,21,0,62,61,0,0,0,0,0,0,0,0,0,0,0,0,131,131,296,63,113,140,97,17,0,1123,0.3985
"878","25","025","120105",NA,2109,124,2620,188,0,0,69,130,2620,2489,802,45,784,33,0,37,0,15,20,0,0,0,0,0,0,0,0,0,0,0,17,128,128,423,42,137,43,125,61,4,961,0.4534
"879","25","025","120201",NA,2611,350,3679,33,37,0,461,187,3679,2398,1302,181,1067,529,6,12,0,161,86,0,0,0,0,0,0,0,0,0,0,0,0,181,181,454,93,240,151,130,7,19,1841,0.4612
"880","25","025","120301",29820,2578,1111,5201,335,0,0,1034,143,5201,3433,1079,396,990,582,0,71,0,405,45,0,0,0,0,0,0,0,0,0,0,0,46,228,228,1394,54,503,226,417,83,10,2050,0.4356
"881","25","025","120400",NA,5042,707,6613,273,0,0,445,146,6613,5730,2323,241,2172,308,0,96,0,157,15,0,0,14,0,0,0,0,0,0,0,0,0,305,305,1508,35,705,621,704,47,44,2867,0.448
"882","25","025","120500",NA,1289,423,2479,118,0,0,569,80,2479,1492,533,136,421,265,0,47,0,161,26,0,0,0,4,0,0,0,0,0,0,0,0,59,59,580,62,238,145,180,68,38,965,0.5492
"883","25","025","120600",NA,2222,124,2580,90,6,0,61,77,2580,2290,973,17,896,121,6,24,0,28,38,0,0,0,0,0,0,0,0,0,0,0,9,212,212,384,9,382,145,174,20,0,1095,0.3655
"884","25","025","120700",NA,1377,156,2155,310,25,0,237,50,2155,1735,677,76,608,180,14,138,0,115,4,2,0,0,0,0,0,0,0,0,0,22,0,153,153,323,75,173,104,170,25,41,1099,0.4727
"885","25","025","130100",46967,5559,76,6517,665,0,0,128,89,6517,6275,2496,25,2446,50,0,269,0,53,35,23,0,0,0,0,0,0,0,0,0,59,79,550,550,1184,45,582,346,570,63,0,2923,0.3668
"886","25","025","130200",NA,4491,95,5008,271,0,0,90,61,5008,4755,1709,35,1676,33,0,87,0,27,0,2,0,0,0,0,0,0,0,0,0,0,9,283,283,1013,92,216,200,230,112,69,1950,0.4138
"887","25","025","130300",47939,4132,108,4680,139,0,0,210,91,4680,4407,1608,37,1608,62,0,39,0,62,15,32,0,0,0,0,0,0,0,0,0,6,0,294,294,883,53,381,208,308,64,38,1814,0.3707
"888","25","025","130402",40915,4399,96,4908,413,0,0,0,0,4908,4623,1922,48,1814,108,0,147,0,0,0,0,0,0,0,0,0,0,0,0,0,0,19,571,571,748,169,282,223,337,171,18,2286,0.4204
"889","25","025","130404",NA,2299,230,3337,333,0,0,352,123,3337,2785,965,90,895,165,0,121,0,96,34,15,0,0,0,0,0,0,0,0,0,0,39,170,170,580,48,210,155,183,58,6,1354,0.4246
"890","25","025","130406",29819,2201,2589,5399,393,0,0,167,49,5399,4222,1025,914,788,488,0,169,0,104,38,0,0,0,0,0,0,0,0,0,0,55,0,198,198,900,141,274,159,172,35,37,2391,0.4789
"891","25","025","140102",35041,2035,1954,4700,240,0,0,240,231,4700,3935,912,586,827,212,0,55,0,44,62,9,0,0,0,0,0,0,0,0,0,0,10,311,311,1173,111,353,346,394,108,46,1770,0.4244
"892","25","025","140105",33349,1840,1415,3997,91,0,0,580,71,3997,2747,705,346,553,352,0,44,0,195,34,0,0,0,15,0,0,0,0,0,0,10,8,304,304,993,48,415,312,391,78,48,1372,0.4155
"893","25","025","140106",26275,582,985,1877,8,0,0,198,104,1877,1438,260,458,198,181,0,3,0,84,31,0,0,0,0,0,0,0,0,0,0,0,0,50,50,466,55,217,94,182,53,0,891,0.4985
"894","25","025","140107",32259,1042,1426,2912,7,71,0,335,31,2912,2087,532,354,452,252,21,0,0,135,13,0,0,0,0,0,0,0,0,0,0,0,10,209,209,710,61,143,236,163,21,22,1116,0.4782
"895","25","025","140201",40461,1444,397,2368,146,142,0,163,76,2368,1686,630,125,543,236,41,30,0,66,47,3,0,0,9,0,0,0,0,0,0,0,12,163,163,381,32,95,70,120,74,38,971,0.3354
"940","25","025","140202",31917,2850,2029,6401,231,0,0,877,414,6401,4866,1113,622,1009,430,0,77,0,250,80,12,0,0,10,0,0,0,0,0,0,21,9,634,634,1809,62,674,503,717,59,65,2204,0.4264
"941","25","025","140300",NA,1464,3886,6830,13,11,0,1207,249,6830,4887,647,1198,480,566,11,5,0,412,66,9,0,0,0,0,0,0,0,0,0,0,0,230,230,2059,219,670,428,601,175,32,2558,0.4279
"942","25","025","140400",NA,1220,6253,8368,18,24,0,638,215,8368,6993,481,2119,398,408,24,0,0,180,76,18,0,0,0,0,0,0,0,0,0,49,24,493,493,2422,143,916,896,1056,316,141,3023,0.3799
"967","25","025","980300",NA,151,104,360,20,5,0,63,17,360,260,0,0,0,0,0,0,0,0,0,0,0,0,0,0,0,0,0,0,0,0,0,0,0,113,0,47,77,65,0,0,0,-666666666
"968","25","025","980700",36250,9,0,9,0,0,0,0,0,9,9,6,0,6,0,0,0,0,0,0,0,0,0,0,0,0,0,0,0,0,0,0,0,0,0,0,0,0,0,0,0,6,0.1762
"969","25","025","981000",-666666666,0,0,0,0,0,0,0,0,0,0,0,0,0,0,0,0,0,0,0,0,0,0,0,0,0,0,0,0,0,0,0,0,0,0,0,0,0,0,0,0,0,-666666666
"970","25","025","981100",NA,152,322,596,13,13,0,61,35,596,465,35,101,35,32,0,0,0,19,13,0,0,0,0,0,0,0,0,0,0,0,0,4,4,53,0,0,42,13,13,0,168,0.4853
"971","25","025","981201",-666666666,0,0,0,0,0,0,0,0,0,0,0,0,0,0,0,0,0,0,0,0,0,0,0,0,0,0,0,0,0,0,0,0,0,0,0,0,0,0,0,0,0,-666666666
"972","25","025","981202",NA,123,25,183,22,0,0,0,13,183,183,0,0,0,0,0,0,0,0,0,0,0,0,0,0,0,0,0,0,0,0,0,0,0,82,0,0,26,82,0,0,0,-666666666
"973","25","025","981300",65813,285,28,486,44,0,0,82,47,486,302,204,10,189,32,0,21,0,17,5,0,0,5,0,0,0,0,0,0,0,0,0,58,58,131,17,54,66,13,12,4,274,0.335
"974","25","025","981501",-666666666,0,0,0,0,0,0,0,0,0,0,0,0,0,0,0,0,0,0,0,0,0,0,0,0,0,0,0,0,0,0,0,0,0,0,0,0,0,0,0,0,0,-666666666
"975","25","025","981502",-666666666,0,0,0,0,0,0,0,0,0,0,0,0,0,0,0,0,0,0,0,0,0,0,0,0,0,0,0,0,0,0,0,0,0,0,0,0,0,0,0,0,0,-666666666
"976","25","025","981600",-666666666,0,0,0,0,0,0,0,0,0,0,0,0,0,0,0,0,0,0,0,0,0,0,0,0,0,0,0,0,0,0,0,0,0,0,0,0,0,0,0,0,0,-666666666
"977","25","025","981700",-666666666,0,0,0,0,0,0,0,0,0,0,0,0,0,0,0,0,0,0,0,0,0,0,0,0,0,0,0,0,0,0,0,0,0,0,0,0,0,0,0,0,0,-666666666
"978","25","025","981800",NA,33,0,33,0,0,0,0,0,33,33,19,0,19,0,0,0,0,0,0,0,0,0,0,0,0,0,0,0,0,0,0,0,0,0,11,0,0,0,0,0,30,0.388
"1086","25","017","342400",25629,4196,1430,6636,317,49,0,358,286,6636,5004,1711,428,1352,532,5,83,0,83,146,0,0,0,0,0,0,0,0,0,0,25,43,119,119,882,196,347,348,482,149,15,2652,0.4575
"1089","25","017","350103",37591,1179,89,1320,43,6,0,0,3,1320,1320,489,16,489,0,3,12,0,0,0,0,0,0,0,0,3,0,0,3,0,0,0,43,43,303,0,111,80,181,45,8,520,0.387
"1104","25","017","351403",27332,2906,463,4158,296,0,0,231,262,4158,2845,1147,150,1036,247,0,104,0,69,117,0,0,0,0,0,0,0,0,0,0,0,20,114,114,1071,98,328,201,391,97,61,1685,0.4403
"1105","25","017","351404",24970,2712,277,4032,508,0,0,224,311,4032,3079,1112,131,965,223,0,172,0,27,130,0,0,0,0,0,0,0,0,0,0,5,0,91,91,1096,50,292,160,303,78,23,1622,0.4282
"1106","25","017","351500",32418,1637,315,2701,368,0,0,348,33,2701,2161,755,107,708,181,0,151,0,110,16,0,0,0,0,0,0,0,0,0,0,0,14,105,105,506,24,168,92,170,22,34,1163,0.4339
"1380","25","001","010500",33938,2801,8,2839,21,0,0,9,0,2839,2830,1344,0,1344,0,0,8,0,0,0,0,0,0,0,0,0,0,0,0,0,0,0,39,39,429,1525,33,89,133,52,7,2877,0.5344
"1381","25","001","010600",30389,3162,202,3419,26,0,0,0,29,3419,3294,1462,71,1462,15,0,5,0,0,0,0,0,0,0,0,0,0,0,0,0,0,0,107,107,638,1321,103,79,143,48,0,2859,0.4874
